First Name;Last Name;FullName
CPOSC;CPOSC;CPOSC
Random;Name;Random Name
Name;Random;Name Random
Random;Name;Random Name
Name;Random;Name Random
Random;Name;Random Name
Name;Random;Name Random
Random;Name;Random Name
Name;Random;Name Random
Random;Name;Random Name
Name;Random;Name Random
Random;Name;Random Name
Name;Random;Name Random
Random;Name;Random Name
Name;Random;Name Random
Random;Name;Random Name
Name;Random;Name Random
Random;Name;Random Name
Name;Random;Name Random
Random;Name;Random Name
Name;Random;Name Random
Random;Name;Random Name
Name;Random;Name Random
Random;Name;Random Name
Name;Random;Name Random
Random;Name;Random Name
Name;Random;Name Random
Random;Name;Random Name
Name;Random;Name Random
Random;Name;Random Name
Name;Random;Name Random
Random;Name;Random Name
Name;Random;Name Random
Random;Name;Random Name
Name;Random;Name Random
Random;Name;Random Name
Name;Random;Name Random
Random;Name;Random Name
Name;Random;Name Random
Random;Name;Random Name
Name;Random;Name Random
Random;Name;Random Name
Name;Random;Name Random
Random;Name;Random Name
Name;Random;Name Random
Random;Name;Random Name
Name;Random;Name Random
Random;Name;Random Name
Name;Random;Name Random
Random;Name;Random Name
Name;Random;Name Random
Random;Name;Random Name
Name;Random;Name Random
Random;Name;Random Name
Name;Random;Name Random
Random;Name;Random Name
Name;Random;Name Random
Random;Name;Random Name
Name;Random;Name Random
Random;Name;Random Name
Name;Random;Name Random
Random;Name;Random Name
Name;Random;Name Random
Random;Name;Random Name
Name;Random;Name Random
Random;Name;Random Name
Name;Random;Name Random
Random;Name;Random Name
Name;Random;Name Random
Random;Name;Random Name
Name;Random;Name Random
Random;Name;Random Name
Name;Random;Name Random
Random;Name;Random Name
Name;Random;Name Random
Random;Name;Random Name
Name;Random;Name Random
Random;Name;Random Name
Name;Random;Name Random
Random;Name;Random Name
Name;Random;Name Random
Random;Name;Random Name
Name;Random;Name Random
Random;Name;Random Name
Name;Random;Name Random
Random;Name;Random Name
Name;Random;Name Random
Random;Name;Random Name
Name;Random;Name Random
CPOSC;CPOSC;Let's Pick a Winner!
